3489,0.07393546657769126
3490,0.2187317256847995
3491,0.3013878939978798
3492,0.4617681992492247
3493,0.31660973998637515
3494,-0.0018298494211096226
3495,0.3185371107117633
3496,0.04242927242520594
3497,0.3496500644505962
3498,0.4020841010856273
3499,0.3539971001794231
3500,0.29956306313510533
3501,0.02204517477653757
3502,0.05329683252424693
3503,0.10484772433085925
3504,0.2757945573779361
3505,0.11016031753234974
3506,0.06997829663163285
3507,0.01833905882126832
3508,0.17267156089449157
3509,0.4503000872036741
3510,0.602829013955397
3511,0.4587989957179085
3512,0.22518998014700964
3513,0.16721493142358929
3514,0.1602259757898766
3515,0.3595888070089301
3516,0.2707676719993508
3517,0.6606696604767791
3518,0.11904599627278961
3519,0.386196789276
3520,0.11637744006325745
3521,0.0234677069818659
3522,0.4455781758487542
3523,0.29462285125087284
3524,0.3854905980105521
3525,0.02228175447722222
3526,0.20713020053765335
3527,0.21902524929908518
3528,0.037866347407573414
3529,0.2350580084454974
3530,0.09478321553096311
3531,0.301079076663161
3532,0.5860178705085233
3533,0.05075507522472097
3534,-0.0022570911436478715
3535,0.07879981569345415
3536,0.0010915422245642847
3537,0.9652954212748157
3538,0.47022606076887064
3539,0.03253012101108836
3540,0.04514377350705624
3541,0.09199729169836247
3542,-0.020665313688516235
3543,0.02680876095599115
3544,0.7049441644295791
3545,0.08458510981466773
3546,0.390038033610697
3547,0.013435368957796281
3548,0.07701865925797266
3549,0.06121872049940971
3550,0.12856017176788528
3551,0.4533523985529961
3552,0.10294186699419708
3553,0.02044348677992949
3554,0.3079456604287574
3555,0.009234167361251528
3556,0.3477346725582115
3557,0.3773294534702823
3558,-0.009319422584858067
3559,0.41800106597633413
3560,0.771112016875225
3561,0.34544457954441565
3562,0.05553221990787653
3563,0.07761178671546064
3564,0.42642110291288704
3565,-0.03465865739874978
3566,0.03199991330141899
3567,0.14317887818008584
3568,0.07228894826963236
3569,0.8601544374246928
3570,0.6327600830956721
3571,0.13826704844817278
3572,0.2794524018404294
3573,0.09954166154045199
3574,0.25600724019108456
3575,0.08141369321483048
3576,0.5218608720520665
3577,0.06106878067967979
3578,0.051014992082813584
3579,0.04574830783320462
3580,0.20646969525988346
3581,0.18138101159873274
3582,0.1353946221011765
3583,0.0660937772774411
3584,0.1690065039736311
3585,0.04457239135992186
3586,0.3885794971871137
3587,0.4687505123296647
3588,0.3360968622661907
3589,0.09200343116782314
3590,0.06619431422305005
3591,0.4097808869676882
3592,0.12341430775656224
3593,0.2872789804343616
3594,0.7444623264843065
3595,0.08610613011723571
3596,0.3345460519706934
3597,0.4192299011977525
3598,0.028698601884781544
3599,0.015742355234104635
3600,0.49728447666586845
3601,0.2411756602151634
3602,0.09577176590006073
3603,0.36611284392169297
3604,0.348777119333168
3605,0.013246579287530418
3606,0.07066442469346872
3607,0.1276587037780228
3608,0.18765218354872687
3609,0.4735530756597373
3610,0.16435822909154418
3611,0.33997712354080317
3612,0.08382790017491756
3613,0.45425507939556237
3614,0.22652420447810745
3615,0.0649244225511479
3616,0.003560096422655307
3617,-0.023321761413330984
3618,0.6643062553974166
3619,-0.005777029461278588
3620,0.04395029530867155
3621,0.11077736840409926
3622,0.02128868155216674
3623,0.3133655917290723
3624,0.07255378566105158
3625,0.062405929699285836
3626,0.09622864730888728
3627,0.1955430019756558
3628,0.02042192054376257
3629,-0.012669096278863307
3630,0.5677220246968223
3631,0.07152974603151425
3632,0.10266103158580356
3633,0.7879450427351956
3634,0.09784699405758733
3635,0.32963348011457916
3636,0.10380496297031136
3637,0.22354692659457673
3638,0.17395150990976624
3639,0.31203276290175236
3640,0.004160720206483433
3641,0.16846810141909524
3642,0.3334822071839444
3643,0.6536917158527955
3644,0.36308258223969414
3645,0.16854609377508184
3646,0.6008603767556231
3647,0.13785754339402392
3648,0.24690673170446822
3649,0.2942427583791181
3650,0.2618468743951558
3651,0.1655058280616781
3652,0.2905556071145583
3653,0.03869820385192954
3654,0.1595640160018497
3655,0.09143305355867253
3656,0.10939343612200292
3657,0.2661527788579571
3658,0.6746294556525573
3659,0.40850947368756674
3660,0.2955275887568874
3661,0.030739354266380907
3662,0.516431216267838
3663,0.021271445343296405
3664,0.043477806825409256
3665,0.22973452154123375
3666,0.023265107678361163
3667,0.23103643350750602
3668,0.00046553192798025073
3669,0.6757647034246758
3670,0.04592259298060993
3671,0.2669470349451112
3672,0.5034966214556538
3673,0.7315567352202524
3674,0.02075008837172689
3675,0.003253468084419731
3676,0.28316017548130323
3677,0.014445628552212878
3678,-0.005695145383325112
3679,0.015569626098596384
3680,0.07180744393400773
3681,0.725721960481547
3682,0.013886110458183089
3683,0.7121894526924322
3684,0.31645417982120405
3685,0.7054641264748295
3686,-0.007871667611117078
3687,0.0836621832239837
3688,0.08854862995436269
3689,0.2924597081596112
3690,0.46278837147706536
3691,0.03700096736945535
3692,0.13318476417700073
3693,0.2814911137996554
3694,0.4359752292540468
3695,0.30792807513266346
3696,0.49316836429794997
3697,0.024411112376959476
3698,0.24189161683393598
3699,0.3977964789989742
3700,0.39315276185071885
3701,0.13847804376712275
3702,0.3128467903281872
3703,0.25272135129548506
3704,0.03363446993401485
3705,0.16236482807440725
3706,0.37122443120144205
3707,0.5702579865437586
3708,0.021570193286198854
3709,0.13643868460702296
3710,0.08695295154430693
3711,0.20678049338750726
3712,0.22861050286627063
3713,0.04784729686189897
3714,0.022667369843437393
3715,0.019015131163133397
3716,0.022419327237846415
3717,0.27562440647350345
3718,0.12096568254295142
3719,-0.005047400974069799
3720,0.38236626376197
3721,-0.005072401246544183
3722,0.025327363593889173
3723,0.04438582397948172
3724,0.09351552280160991
3725,0.2769956222398773
3726,0.5919686849848862
3727,0.24950418346106132
3728,0.16311988997424837
3729,0.02994819608582855
3730,0.011581269441284701
3731,0.059754053372334484
3732,0.01729106095544622
3733,0.030025643318693524
3734,0.6405158307088824
3735,0.13554084071631078
3736,0.13772505046341849
3737,0.06460921738032195
3738,0.046370005199180844
3739,0.06509411152601521
3740,0.032805400128966704
3741,0.018737904916179056
3742,0.03215768383483704
3743,0.07356354768680946
3744,0.006759519137309702
3745,0.03199613758803886
3746,0.012220578890454872
3747,0.4916693242751053
3748,0.008637717875290624
3749,0.3329630598802388
3750,0.2571179632776757
3751,0.04083894958142738
3752,0.001800303155785366
3753,0.14647090558075251
3754,0.0317560944136752
3755,0.10690165247006857
3756,0.02082660451205947
3757,0.5132102848714165
3758,0.04196667356402845
3759,0.015107700468561407
3760,0.1385358712527375
3761,0.16282917863233698
3762,0.012047351080834684
3763,0.2088772919579668
3764,0.05222786094924799
3765,0.06864329976629027
3766,0.09773064570795922
3767,0.07976132301116973
3768,0.056252152908601014
3769,0.07188149110747652
3770,0.05820595616316064
3771,0.2593160894947416
3772,0.09066391981875438
3773,0.28693248776095026
3774,0.2108014849670315
3775,0.011805256071677223
3776,0.09642543024473993
3777,0.039134125877056815
3778,0.33789858066794726
3779,0.053078646482515895
3780,0.0856773981844403
3781,0.0817143207677211
3782,0.024796693035631825
3783,0.027784217566497835
3784,0.051240171930617966
3785,0.19700756391320795
3786,0.06689234029293042
3787,0.05401239006971192
3788,0.05095479265252324
3789,0.22208857694807976
3790,0.09383494213440567
3791,0.10579145577183724
3792,0.005432507160831576
3793,0.07426826714188738
3794,-0.007344773646294565
3795,0.04071510357876389
3796,0.25312615358308205
3797,0.025194045012456867
3798,0.11740663598193055
3799,0.022442951299467606
3800,0.1554323136995009
3801,-0.00800802835966472
3802,0.09280065953626061
3803,0.057516280613101704
3804,0.01806130552554603
3805,0.12291336560067354
3806,0.04695346534853981
3807,0.10997713477232035
3808,0.08333220378282062
3809,0.23666234785248613
3810,0.1399822573845952
3811,0.3841846898755965
3812,0.16030238970589158
3813,0.023680612452999746
3814,0.03601186529900998
3815,0.03750539780610079
3816,0.06513386150830151
3817,0.06311589524931238
3818,0.5495158751981437
3819,0.02891025825324188
3820,0.011102631508529815
3821,0.10223726941922934
3822,0.15837734996578764
3823,0.003708057497420681
3824,0.2540167080490438
3825,-0.005062999600859413
3826,0.03391147480679018
3827,0.15043313131975752
3828,0.059291227088017165
3829,0.03787282575279555
3830,0.04199432640333339
3831,0.12980911693008756
3832,0.08277426070020547
3833,0.033470061756230365
3834,0.03579660174187821
3835,0.050135192818642454
3836,0.02753448257372874
3837,0.38426647161077204
3838,0.03819198501220779
3839,0.07297274023080669
3840,0.08829174345256444
3841,0.0021544411891805783
3842,0.021475360404952588
3843,0.15260688712734535
3844,0.04588567903232299
3845,0.09771004150166968
3846,0.12615033391967242
3847,0.02637453197431027
3848,0.05334107448501208
3849,0.03165795611236637
3850,0.1076323979812159
3851,0.11209436172100437
3852,0.03821553589273033
3853,0.0542612225038185
3854,0.126516205988081
3855,0.07045102304109929
3856,0.0433829465027861
3857,0.027855553464698195
3858,0.0644372775396931
3859,0.05281343050284205
3860,0.04466643179187878
3861,0.031482606329082355
3862,0.08328397761028784
3863,-0.019771681905947403
3864,0.0020446504813815686
3865,0.05981932819543487
3866,0.01841451778195371
3867,0.2663826262952169
3868,0.1279719115881828
3869,0.17395430100941667
3870,0.015580600948350915
3871,0.31066313213868907
3872,0.32955043275586315
3873,0.211746471293795
3874,0.04744272149848183
3875,0.22972432028514342
3876,0.17820655618445505
3877,0.24587473716947955
3878,0.32028375540849396
3879,-0.009293309655583065
3880,0.0776495165566403
3881,0.10876966094531407
3882,0.2822828154545679
3883,0.3122341227657121
3884,0.17184900606957362
3885,0.20738384859578401
3886,-0.008853737583685777
3887,0.02419747123112551
3888,0.0326174249336816
3889,0.011916581492376482
3890,0.016865133908105463
3891,0.16265633203138274
3892,0.1919509660090818
3893,0.08276690370200512
3894,0.01374359255877737
3895,0.07629356596396382
3896,-0.003652418819110009
3897,0.27176213834642476
3898,0.01170711047806185
3899,-0.002475875854434151
3900,0.20154047659510252
3901,0.5900644112372087
3902,0.5778637011005245
3903,0.6163488245432754
3904,0.2199349456435478
3905,0.5101842843084466
3906,0.06315249361639566
3907,0.6351232124347218
3908,0.07850851159287082
3909,0.040997883097592114
3910,0.04986794444039034
3911,0.04154047063703746
3912,0.04668630783100619
3913,0.0711815593584005
3914,0.04111129429749341
3915,0.049611928247310304
3916,0.5973092838618123
3917,-0.004962964641823331
3918,0.05542762259646807
3919,0.03809138543103467
3920,0.04032503137283473
3921,0.18408486894565465
3922,0.010037739798626832
3923,0.04300224480821203
3924,0.05976108805884456
3925,0.1795928526173838
3926,0.66010732775955
3927,0.06425688848545458
3928,0.2999624057401723
3929,0.0164982696186613
3930,0.1670602422593791
3931,0.08607374392960615
3932,-0.004589684874762096
3933,0.0016064415515221922
3934,-0.004107139296554996
3935,0.32346723465455
3936,0.14874511747143612
3937,0.1621536131547369
3938,0.10663614698671842
3939,0.20273960863385113
3940,0.05739021225048245
3941,0.011834243831426706
3942,0.13982441023176298
3943,0.007659874480376486
3944,-0.0060890201847178145
3945,0.03756063700947969
3946,0.13433585051215233
3947,-0.005658761927203087
3948,0.10722833207060001
3949,0.015274251932774036
3950,0.11823895346872362
3951,0.04908814282741694
3952,0.05795398010476238
3953,0.02516445436311478
3954,0.09777015663170847
3955,0.2778051374310826
3956,0.09874305063847938
3957,0.2123722001663111
3958,0.32072862083458503
3959,0.15011485255148319
3960,-0.0005526669093687047
3961,0.04780485992891245
3962,0.07909099578876418
3963,0.04950381123952952
3964,0.005063252185424127
3965,0.09960850255371201
3966,0.0457040290765708
3967,0.2738722566317507
3968,0.59943492100675
3969,0.1775572392795848
3970,0.021308199657490545
3971,0.0258290168972899
3972,0.015754489042835
3973,0.17735865989986624
3974,0.04434844091246382
3975,0.06525886617644347
3976,-0.00047880075509364444
3977,0.003235703812472201
3978,0.011375757532529354
3979,-0.005417249415531073
3980,0.03864127985670245
3981,0.10229356259780037
3982,0.4824255921659677
3983,0.11075447625025621
3984,0.008366870623628245
3985,0.21014704658419403
3986,0.008663070981124362
3987,0.050773772237171576
3988,0.04590717194776697
3989,0.01203615651745955
3990,0.03232715290517525
3991,0.023799509377293693
3992,0.05560956005965696
3993,0.07106334046649396
3994,0.02944272811188721
3995,0.01772250988690033
3996,-0.0026050277388944107
3997,0.055082922217777906
3998,0.09754733188298688
3999,0.3145118886778599
4000,0.02434013543662356
4001,0.05251038189257434
4002,0.07068532127951907
4003,0.0548785044890298
4004,0.043461673511672475
4005,0.04396672858884786
4006,0.211170715764504
4007,0.20414916551421827
4008,0.37744125977508747
4009,0.050149321875044395
4010,0.04532936586174783
4011,0.07644696928550299
4012,0.025147751081946203
4013,0.06004646082230124
4014,0.014851696018482248
4015,-0.008472292466845673
4016,0.07314099852746633
4017,0.03539546669095027
4018,0.3808130255909813
4019,0.061128830814856
4020,0.04361236279934532
4021,0.09862777067430481
4022,0.003220714856440405
4023,0.081657002180518
4024,0.05304256288363935
4025,0.33230635050720125
4026,0.015497033112486312
4027,0.07565330416182191
4028,0.08116743973629474
4029,0.06450399809337987
4030,0.3042613874224412
4031,0.07038629774154298
4032,0.012031131664858977
4033,0.09289258662188421
4034,0.08746472232207005
4035,0.33440180884125725
4036,0.06365754494053896
4037,0.09756995902936347
4038,0.10915188641152286
4039,0.05225953562830805
4040,0.02800793484881093
4041,0.18285604219176935
4042,0.06855547031500218
4043,0.05499499986383457
4044,0.021476351556148188
4045,0.05400276509066154
4046,0.3718492945307199
4047,0.11426979642953677
4048,-0.010170709848072617
4049,0.0067891416849757075
4050,-0.004937275779007799
4051,0.45212003260061884
4052,0.09021292504544105
4053,0.31659974122630524
4054,0.472897631290427
4055,0.1882548937997458
4056,0.2906493892032543
4057,0.13616658487839647
4058,0.20139671510806895
4059,0.2522190514878603
4060,0.19483896772584786
4061,0.12162761925407779
4062,0.12376862307504524
4063,0.12084725681728492
4064,0.06471290929736416
4065,0.017914594528615622
4066,0.027653115814263305
4067,0.23311179996586823
4068,0.04918004681757753
4069,-0.0017132655221078928
4070,0.22009322538182752
4071,0.23516780638227816
4072,0.0252899722747139
4073,0.17195101168173488
4074,0.008445050403130322
4075,0.05242008288375651
4076,0.1388975623989504
4077,0.23360920533581386
4078,0.18257225053206133
4079,0.22548151830350607
4080,0.09450460578490655
4081,0.12639284034469314
4082,0.033793451517072366
4083,-0.01250282380181727
4084,0.013312069229421448
4085,0.3819993844561945
4086,0.008831795984038321
4087,0.26962341092659886
4088,0.3968175226437231
4089,0.18955888605612675
4090,0.28147187750846037
4091,0.11844593415881391
4092,-0.005337364295963648
4093,-0.02041314740683844
4094,0.12119989504251583
4095,0.13839363819558764
4096,0.4690043840120551
4097,0.035698818494094904
4098,0.06536442602111622
4099,0.058803977047314035
4100,0.033040022103585615
4101,0.007107924521421441
4102,0.2057923471792623
4103,0.18472695812027423
4104,0.392790275764111
4105,0.036170945901372736
4106,0.053001820822305076
4107,0.005104222972802728
4108,0.09333803526956687
4109,0.013158992042902683
4110,0.020702669399885673
4111,0.13527545436108154
4112,0.05545831225007166
4113,0.24510993361700667
4114,0.05211149834892834
4115,0.0836784388804794
4116,0.024636595293255105
4117,0.011228578159110625
4118,0.11070683993844777
4119,-0.006042381799197378
4120,0.17670585907794928
4121,0.04307798663962696
4122,0.006479744661151258
4123,0.11261748543120156
4124,0.2718881274742294
4125,0.3576078021793363
4126,0.22206600685353614
4127,0.008518160505069516
4128,0.011567912634246148
4129,0.07692348247430757
4130,0.011178888619837296
4131,0.04355136225056666
4132,0.033544391829712264
4133,0.40759511897341333
4134,0.005914331566119219
4135,-0.03543088736797814
4136,0.10176884604915037
4137,0.05590577606045506
4138,0.10352152262809683
4139,0.07819803845703194
4140,0.16405078928601347
4141,0.12616768056029387
4142,0.16093668203602257
4143,0.02327579729928289
4144,0.10982344210949987
4145,0.24666841950093632
4146,0.04590310480764651
4147,0.2799153504203047
4148,0.010461338793373237
4149,0.013029134136278441
4150,0.10706588018665786
4151,0.05230209173149964
4152,0.04917478628594153
4153,0.16279125093902444
4154,0.13313043880084782
4155,0.04064137380875063
4156,0.09037652338838328
4157,0.10240511610420225
4158,0.06306138719335191
4159,0.06681649980233441
4160,0.08852363850477973
4161,0.691281466195913
4162,0.16422699346783887
4163,0.016816033331081424
4164,0.36807785051273206
4165,0.1966870564676626
4166,0.1517718068126419
4167,-0.0016441095530451972
4168,0.270879248116494
4169,0.31426681071103124
4170,0.21093166371165178
4171,0.026017015173372546
4172,0.05418076417121752
4173,0.16822800892252207
4174,0.031479274448300044
4175,0.013929881055583432
4176,-0.0009806581840166115
4177,-0.0013172794075466815
4178,0.03286110635162879
4179,0.012658086719975372
4180,0.08152328009825204
4181,0.02537119487478707
4182,0.28967659360656794
4183,0.043245802038865924
4184,0.06352678770568125
4185,0.40356117671767355
4186,0.010340778364467468
4187,0.08271576855389008
4188,0.03406142954630973
4189,0.2937174669674377
4190,0.6850030937131517
4191,0.4344186366447031
4192,0.033689080269558185
4193,0.07051746280553593
4194,0.013471231514476743
4195,0.26503461023886254
4196,0.17890589502853768
4197,0.26634123027536283
4198,0.03242417430467558
4199,-0.008572808142369576
4200,0.42625741112962046
4201,0.20603013746805332
4202,0.7510250771787983
4203,0.15764418251290196
4204,0.08590047751377494
4205,0.07975131333513336
4206,0.13682749634297084
4207,0.05244388892943237
4208,0.03848280459945177
4209,0.52583152477699
4210,0.1923674037917606
4211,0.16722191379319562
4212,-0.0003387155925661965
4213,-0.0007538950217753968
4214,0.021566382954949174
4215,-0.004774341699581212
4216,0.31885067033206427
4217,0.03723602553131514
4218,0.5408614485610992
4219,0.056388007453833315
4220,0.0179102571046707
4221,0.012940047928107322
4222,0.07065040765455306
4223,0.06283363292409383
4224,0.0016677323069545819
4225,0.01407765525900713
4226,0.06865087199819414
4227,0.11739964422396658
4228,0.09184300580226916
4229,0.09024753338561385
4230,0.0701465519743888
4231,0.03782878106846647
4232,0.06620909573820848
4233,0.15077240687649662
4234,0.03744938997384041
4235,0.3622133861122456
4236,0.07931920942609584
4237,0.011390904300136446
4238,0.5265850400400321
4239,0.0699315156407462
4240,0.02434351028045079
4241,0.4601840383468105
4242,0.3595826076914424
4243,0.08597994419552578
4244,0.07526572527431959
4245,0.029009388261978693
4246,0.041291117522432946
4247,0.004221343351981387
4248,0.09450385290991584
4249,0.12783547810588158
4250,0.47948979140593145
4251,0.6095326813507943
4252,0.4001848909797383
4253,-0.007284319328729194
4254,0.2857066550915611
4255,0.04689309487880136
4256,0.08540426222308496
4257,-0.0008031355463104962
4258,0.08231600992434181
4259,0.3170144610293047
4260,0.3510381575147215
4261,0.04575003952537261
4262,0.03612121159438518
4263,0.05256614344920124
4264,0.11912047844824837
4265,0.018147752313696277
4266,0.01594989397282395
4267,0.0006727385327301386
4268,0.09761091668858471
4269,0.5179993583416936
4270,0.0936725930109656
4271,0.06116085106967006
4272,0.08919782218490244
4273,0.06854260753855015
4274,0.09718834401692804
4275,0.021350983612578207
4276,0.0368839840869456
4277,0.0878077792113803
4278,0.030903388807138867
4279,0.09768804936707201
4280,0.32496814957106374
4281,0.019369816721450692
4282,0.06762857387488111
4283,0.0494235524542154
4284,0.03716959265824854
4285,0.12078158703439029
4286,0.046950489865537424
4287,0.15695361839570746
4288,0.11257197672226993
4289,0.5041552889676049
4290,0.027704771974453684
4291,0.009807661284015352
4292,0.32955510792803033
4293,0.03921479695994252
4294,0.015730101157301064
4295,0.18591673293756317
4296,0.24360751860814564
4297,0.14885106822524788
4298,0.29136466861529553
4299,0.12026100437656523
4300,0.11952604402693395
4301,-0.008162662404333516
4302,0.30494431092449165
4303,0.18197222421085335
4304,0.15375889561725378
4305,-0.009530439338189877
4306,0.17871007115596607
4307,0.008775853937272742
4308,0.004417447970300012
4309,0.009397895968579179
4310,0.1722188374783203
4311,0.04830667786837774
4312,0.09474917244942774
4313,-0.011508595655623767
4314,0.20090842852993374
4315,0.007675300828910653
4316,0.0664862963131453
4317,0.09445816753228964
4318,0.018934179305772823
4319,0.07935790325585289
4320,0.5314493774979814
4321,0.015925468108891082
4322,0.017367528486536086
4323,0.07611693661565476
4324,0.07464478992665177
4325,0.20902176593053784
4326,0.0199972058179236
4327,0.15218319722645335
4328,0.012686513180034092
4329,0.009885607054380477
4330,0.04040380736653891
4331,0.054534621058277506
4332,0.004417647131812497
4333,0.31583469851666623
4334,0.5047680934838555
4335,0.0008303114925875717
4336,0.058767394807206524
4337,0.0195864316147602
4338,-0.008286679658631618
4339,0.04359580849933894
4340,0.014016947027535975
4341,0.16442628452911992
4342,0.13753767365800412
4343,-0.003296476251694064
4344,0.05263505276224936
4345,0.1065832292689876
4346,-0.009556048872520144
4347,0.01173449652284299
4348,0.020359187023716314
4349,0.30328563272303605
4350,0.09960333384437497
4351,0.18656134137677374
4352,0.22580738750961707
4353,0.11938026775574014
4354,0.09217014172125845
4355,0.046313241466920646
4356,0.02757143990469805
4357,0.09492901158860859
4358,0.0691878497443994
4359,0.04161915730695403
4360,0.3638658868899326
4361,0.026844293012447812
4362,0.07603126327729172
4363,0.3216172558477548
4364,0.09015934060147508
4365,0.13311404880633612
4366,0.6673021829903627
4367,0.04490510778462221
4368,0.24955706150108292
4369,0.1667260762671603
4370,0.029800937804620568
4371,-0.00832647346592803
4372,0.11817223860054714
4373,0.02933578099781877
4374,-0.0035275553529855812
4375,0.022080754510392597
4376,0.015874398349939704
4377,0.0036368647002830213
4378,-0.008214121969080772
4379,0.0567758102331331
4380,0.0769022592985189
4381,0.565769854854113
4382,0.17837282169492635
4383,0.21679645909748058
4384,0.20536831744366224
4385,0.08782708966604709
4386,0.0487771787328456
4387,0.2782588699931878
4388,0.045695835311511404
4389,0.016237244598347713
4390,0.005411819885984338
4391,0.056180169939092736
4392,0.07934542791814442
4393,0.0737013366958355
4394,0.06117301556729045
4395,0.09311200140645091
4396,0.34606344162043085
4397,0.05791942626332962
4398,0.03717701772195597
4399,0.07013302216725253
4400,0.2526621832270938
4401,0.15406397758564136
4402,0.13844671584428697
4403,0.7056927522999443
4404,0.04122312075011824
4405,0.0024378625367095117
4406,-0.0031605110115280393
4407,0.0335341119974446
4408,0.05377932246602409
4409,0.06861560455835077
4410,0.026905898112151255
4411,0.005124576108488654
4412,0.3566543788546271
4413,0.07266497533863286
4414,0.032271417732352
4415,0.12677948057081911
4416,0.24852877085901262
4417,0.4646477049912362
4418,0.0899055306383505
4419,0.37673900119578985
4420,0.3665411371949431
4421,0.09037440051281974
4422,0.14159925504889784
4423,0.011623406229035054
4424,0.07002987495109207
4425,0.14979681747979534
4426,0.309789708636341
4427,0.3707230083857799
4428,0.274178757039819
4429,0.08082837556173039
4430,0.13533130034054808
4431,0.609173706114833
4432,0.07918784650507799
4433,0.035085676003828434
4434,0.06294823263419903
4435,0.05217817891549148
4436,0.19507039763458664
4437,0.664007002320699
4438,0.052348411888453156
4439,0.03777544157034763
4440,0.0105637855889514
4441,0.05961004269694926
4442,0.15013205971564852
4443,0.047180620471701906
4444,0.08334710371852946
4445,0.2596456527972046
4446,0.015739752208984513
4447,0.06459438178076592
4448,0.024009964592725454
4449,0.10083346928439454
4450,0.047649253392891104
4451,0.049545703051615694
4452,0.03181418337996043
4453,0.03260137223295252
4454,0.41795265670489745
4455,0.2536831681617947
4456,0.00879142586923396
4457,-0.0025971147741296772
4458,-0.004342218797406911
4459,0.02702895052669454
4460,0.032700425603387234
4461,0.029472146010498905
4462,0.06331162901889167
4463,0.10861671963358102
4464,0.0406632342908182
4465,0.04489129985650564
4466,0.09532140988044
4467,0.027165133923067533
4468,0.03653881379992157
4469,0.00956660445430014
4470,0.007117680395610676
4471,0.10279543664204548
4472,0.06596164228679016
4473,0.0011999119795592372
4474,0.04505938856257416
4475,0.1226304789674806
4476,0.5225903012843899
4477,-0.0017975375445642146
4478,0.06532031359168469
4479,0.08581614229770859
4480,0.10313930380895737
4481,0.04857002369298926
4482,0.030626765975355283
4483,0.014601119342896795
4484,0.2012844519952428
4485,0.14918956170952555
4486,0.07848446875090712
4487,0.051388301193897985
4488,0.08798482868763496
4489,0.07092537667026783
4490,0.056477842692364125
4491,0.013504884250234942
4492,0.5191276404228097
4493,0.08788478307744693
4494,0.029036797386193795
4495,0.3005131307281353
4496,-0.0005992508422480443
4497,0.17731438956377613
4498,0.24170664218049182
4499,-0.01044331869201996
4500,0.20392221016647955
4501,0.11898716114873488
4502,0.0499408250546917
4503,0.1196329255745802
4504,0.20907193589850923
4505,0.2565175174913037
4506,0.19443492414934832
4507,0.18553747682453253
4508,0.1689457950375856
4509,0.3023971183115868
4510,0.03540815810714211
4511,0.05256493845459589
4512,0.15005343399636695
4513,-0.0010494576304216296
4514,0.029035997637421675
4515,0.004966544452940813
4516,0.08739191978346134
4517,0.031876847027732885
4518,0.01150148875688719
4519,0.01100362879086415
4520,-0.004852609898824528
4521,0.2202890229477208
4522,0.0153827489477596
4523,0.01923337836945233
4524,-0.006318497340570172
4525,0.06550310875513107
4526,0.04772528998969569
4527,0.032916033187833045
4528,0.47949498013064223
4529,0.05540285990861374
4530,0.10627439317772688
4531,0.4373974377117484
4532,0.09189571358561188
4533,0.621890298789506
4534,0.1756728774837491
4535,0.1646398442164906
4536,0.0024699667275052905
4537,0.11287130137096471
4538,0.055321047349483524
4539,0.024954429109851167
4540,0.022297920896098212
4541,0.08043233159407309
4542,0.03182039014002082
4543,0.009192108065581526
4544,0.48737722587393145
4545,0.02742775172136111
4546,0.03768103515086872
4547,0.2876003925208916
4548,0.5739000777908204
4549,0.045714879171245136
4550,0.3804480702028161
4551,0.09322045651848918
4552,0.0010142098605544101
4553,-0.013577816125148056
4554,0.04173469067043796
4555,0.07667385574333055
4556,0.08764590627124633
4557,0.31092241794052494
4558,-0.0014416094888171362
4559,0.02505950075132798
4560,0.022717403596711223
4561,0.1805392925319259
4562,0.4452184608755476
4563,0.39973671480047857
4564,0.1927132684665833
4565,0.09659430233262273
4566,0.054124730649309456
4567,0.002513994314730167
4568,0.006470899667634467
4569,0.04003857903736109
4570,0.07009563804214333
4571,0.3619025860980225
4572,0.11790537847008743
4573,0.03669158267432222
4574,0.0907203943987681
4575,0.016825637388782556
4576,0.012039275584621301
4577,0.23344139057741284
4578,0.04444668929869114
4579,0.02529637294274787
4580,0.03417582349143556
4581,0.006578072243777921
4582,0.028416497498918655
4583,0.5360814563801889
4584,0.017944855865274792
4585,0.13358788400062793
4586,0.14985286412018034
4587,0.04878521691571856
4588,0.05971373630027267
4589,0.11541797414440956
4590,0.1467638588268529
4591,0.05213028975591411
4592,0.15527454449233463
4593,0.1557474112008716
4594,0.17641059688599883
4595,0.11553232329191793
4596,0.013300158196697245
4597,0.08086633570285781
4598,0.559823368627777
4599,0.16725540048929677
4600,0.07228830192169407
4601,0.29107772850889607
4602,0.15499446027112085
4603,0.043969150950973236
4604,0.10746494251731827
4605,0.12960481455386158
4606,0.23378553632329344
4607,0.10585065600777908
4608,0.18611210861784855
4609,0.13493868603769996
4610,0.4366578796008838
4611,0.17712153252250878
4612,0.05926707482999148
4613,0.13024860346237369
4614,0.05614134162173919
4615,0.1169957625231618
4616,0.2389653849405257
4617,0.2113447587918924
4618,0.07064023503325836
4619,0.4267003508305003
4620,0.358515054726244
4621,0.03332972895572006
4622,0.10235857089147687
4623,0.17112780782960102
4624,0.44248887778244844
4625,0.32546003195320483
4626,0.0005423358341635157
4627,0.025813672503796924
4628,0.07793429185202178
4629,0.6872693803958062
4630,0.5958370279780711
4631,0.13425963171401756
4632,0.19336890264615256
4633,0.945544509433742
4634,0.9580515797653824
4635,0.2341811888493855
4636,0.02169282006984445
4637,0.045844856505723286
4638,0.08199409434324169
4639,0.03991112213401017
4640,0.14888860473411292
4641,-0.0021204110598764423
4642,0.07337818473803975
4643,0.013292164574935449
4644,0.342925583013469
4645,0.36339031616938944
4646,0.5911795188874656
4647,0.39285892231923003
4648,0.1641074490442847
4649,0.32764273091959806
4650,0.11337398667317446
4651,0.0045798937877165585
4652,0.03730850331169563
4653,0.05493573214046714
4654,0.12464674084219654
4655,0.14588617895913406
4656,0.4022534621442367
4657,0.2500540257244829
4658,0.0640177723403415
4659,0.10773867640047477
4660,0.47805289567215786
4661,0.06046950347559554
4662,0.7559657424505815
4663,0.11229171727820841
4664,0.07455170333973357
4665,0.08620227058670234
4666,0.05535584159218454
4667,0.024418796975365722
4668,0.1522555715702684
4669,0.1772466141192222
4670,0.10338619380035294
4671,0.021796328024532734
4672,0.10114275518055009
4673,0.08511489677896375
4674,0.05734835081617684
4675,0.5785189991613703
4676,0.18108048711957372
4677,0.3536468239961667
4678,0.254641729990832
4679,0.27198287704690116
4680,0.03367176767758391
4681,0.005507412151675727
4682,0.345891216415324
4683,0.517130638238883
4684,0.20431173948363493
4685,0.24482218765338254
4686,0.20385484517579258
4687,0.7134303213860224
4688,0.28645978059227595
4689,0.26640313513273417
4690,0.27723132394439753
4691,0.07020341642259449
4692,0.5274250942953808
4693,-0.00515437402038662
4694,0.1047820815533612
4695,0.06682128227405162
4696,0.028972519825938785
4697,0.016732187456518464
4698,0.04707770184621264
4699,0.5485176018517138
4700,0.1743154230646737
4701,0.6123673049438934
4702,0.20360921443079683
4703,0.06275592507807293
4704,0.0012221301419113593
4705,0.2333189549607139
4706,0.012646209721144837
4707,0.12525994900518386
4708,0.3980385686926463
4709,0.13869602017152355
4710,0.1604418500610892
4711,0.06340302039885164
4712,0.07018197587405126
4713,0.7368848229569815
4714,0.4086967873946
4715,0.006404549497954558
4716,0.4197920737599609
4717,0.05607825768012614
4718,0.051022726365172646
4719,0.014559225884669872
4720,0.32826991022139895
4721,0.036154393624706016
4722,0.1407808608643397
4723,0.10756789380817489
4724,0.09103488254535017
4725,0.4752223310787573
4726,0.015190070584202514
4727,0.0538446648742941
4728,0.0793299009066658
4729,0.5310820022037752
4730,0.03988910536801049
4731,0.049180352459001174
4732,0.060929537347976154
4733,0.06217160592942869
4734,0.053455934286750745
4735,0.034253612843221856
4736,0.375892043446798
4737,0.3134407186509559
4738,0.4846635537104812
4739,0.040559279139129135
4740,0.25961448552564714
4741,0.22287162959053142
4742,0.044977402956429206
4743,0.04379157986630509
4744,0.2680671944178442
4745,0.7096842322180501
4746,0.013749806670069729
4747,0.09338164582747822
4748,0.02130266774173057
4749,0.4728525465372352
4750,0.006586635826841486
4751,0.04312105858404565
4752,0.0626720269444289
4753,0.05989142671439799
4754,0.014713400118199809
4755,0.35727153322835387
4756,0.0987827912796474
4757,0.03676501236212314
4758,0.24505533510105232
4759,0.05577027158561092
4760,0.07253362282529925
4761,0.010001464292779922
4762,0.6108149235363179
4763,0.3475836046486224
4764,0.6138385796981245
4765,0.4752665148948887
4766,0.5105779641709507
4767,0.05089799616489264
4768,0.31725895139800836
4769,0.1520301898885869
4770,0.03045891008204641
4771,0.042304028415821725
4772,0.07640666396338046
4773,0.034571744363226416
4774,0.00941303559585946
4775,0.06295996697784094
4776,0.005722591664679252
4777,0.05454617795321047
4778,0.02774641625582105
4779,0.03019085557953306
4780,0.13060211371310537
4781,0.053608513837186955
4782,0.033536525883357246
4783,0.0821385285704233
4784,0.004751199107445313
4785,0.2961024844823327
4786,0.06400859443414791
4787,0.015535062123955935
4788,0.2190936127214307
4789,0.0036122043186935125
4790,0.024177487691329023
4791,0.009240394051120529
4792,0.36426628249522963
4793,0.5662037098901005
4794,-0.010466245959223935
4795,0.4467706845135045
4796,0.05078122355124111
4797,0.26899030404468327
4798,0.0654482101696716
4799,0.029744628971003443
4800,0.017312069163659915
4801,0.06838088766336971
4802,0.039011292855700805
4803,0.4649032624038837
4804,-0.0014253346473166893
4805,0.042763290377928774
4806,0.24228322564389854
4807,0.3294080899237193
4808,0.5926722718813322
4809,0.5655744357992695
4810,0.15932363863507118
4811,0.03249771950054555
4812,0.6077864694596438
4813,0.03924018080782056
4814,0.06896173223277118
4815,0.006332742038452891
4816,-0.00856044554139081
4817,0.08601996693383057
4818,0.08225338482651834
4819,0.03759555034610055
4820,0.07250138875076723
4821,0.0336561472490257
4822,0.0763227947944949
4823,0.021881885677488895
4824,0.09654354961487221
4825,0.01583649950664917
4826,0.07365948859202753
4827,0.04738454896844727
4828,0.6424364073754392
4829,0.06762873724973889
4830,0.26727432947064794
4831,0.052498583672714996
4832,0.6013727022033255
4833,0.3528048628081002
4834,0.6528264148301187
4835,0.01688501924818119
4836,0.080450482009068
4837,0.011687388788188048
4838,0.19975714367209535
4839,0.05602062355966658
4840,0.04282814087169875
4841,0.01516249616176982
4842,0.02466985137212478
4843,0.04981859778807472
4844,0.09780915028546261
4845,0.08683334554428371
4846,0.09831165274977682
4847,0.01703801726522671
4848,0.2768149037454433
4849,0.021727598420771148
4850,0.019971961345077317
4851,0.04152318696662322
4852,0.019079888601420496
4853,-0.0021910451128669016
4854,0.1001699410143917
4855,0.0272109137074067
4856,0.02660953403997497
4857,-0.007834874501808869
4858,-0.016256311679031927
4859,0.10045792486720348
4860,0.8185164771438715
4861,0.1426800059816661
4862,0.568493178353662
4863,0.0295041857870904
4864,0.33018852768796864
4865,0.25986693269641536
4866,0.2618140911985535
4867,0.007553240157847
4868,0.014865984054674528
4869,0.009632405876101955
4870,0.026982585739392082
4871,-0.016403217213095674
4872,0.024857980801990642
4873,0.023053205234951236
4874,0.10454247262536677
4875,0.29724624746328865
4876,0.05590488499324904
4877,0.006465492994726827
4878,0.017146180286540406
4879,0.05675865592538436
4880,0.11121968382653458
4881,0.10773673657685559
4882,0.47165158102788013
4883,0.040145774895520674
4884,0.02131868539083289
4885,0.05130443889260841
4886,0.005001759314063969
4887,0.023606660053639796
4888,0.012583377473851723
4889,0.0527267994699415
4890,0.023985296954466453
4891,0.011822268743916349
4892,0.28029065085362237
4893,0.3469831228550203
4894,0.007057802484188384
4895,0.22847147666020615
4896,0.23261208139409795
4897,0.07046074777594641
4898,0.14561384558621038
4899,0.006936284809675536
4900,0.027742097052636347
4901,0.09042631627301562
4902,0.024002744227405243
4903,0.47738615082302127
4904,0.14708251170324482
4905,0.1558247922176404
4906,0.20080428999734623
4907,0.4022898962486598
4908,0.0722857949872992
4909,0.09394805585772009
4910,0.06371049873751297
4911,0.38329449278060046
4912,0.0613020546765143
4913,0.05776613155700623
4914,0.42057793407128996
4915,0.05248488318390891
4916,0.10012132009223373
4917,0.07549873965843668
4918,0.23165292218320732
4919,0.231495796735291
4920,0.032542754155642936
4921,0.04085160893301091
4922,0.02723512976081633
4923,0.22245703759023666
4924,0.007135730683403941
4925,0.0974878682739955
4926,-0.010349199098671179
4927,0.2545590072098993
4928,0.028115218897405852
4929,0.034532231329488676
4930,0.12635027682450098
4931,0.19146271961980554
4932,0.2314426562468725
4933,0.10983196690619504
4934,-0.006994357650245508
4935,0.029912568341754684
4936,0.11875126176880521
4937,-0.025168397002594607
4938,0.04368830253786021
4939,0.25087811983370367
4940,-0.0018962348441476148
4941,0.1286350295794797
4942,0.012097329314076949
4943,0.10362221554373048
4944,0.03237682014174544
4945,0.004778092727479533
4946,0.02223029684875817
4947,0.07794996104258504
4948,0.11348691932013748
4949,0.2666448380695742
4950,0.05897452172167671
4951,0.05190705029029703
4952,0.05463234931349647
4953,0.06051067908980073
4954,0.05479052687003261
4955,0.13829203287288347
4956,0.0470804791948827
4957,0.1142779259547297
4958,0.024778802738285872
4959,0.3138596679895952
4960,0.07629154049250206
4961,0.05328438984376198
4962,0.31238223476275395
4963,0.06639523436323808
4964,0.09014080741609293
4965,0.053341780408445276
4966,0.18443812461913806
4967,0.14744065650444615
4968,0.045647908153840976
4969,0.01235361086734608
4970,0.5051415922884368
4971,0.3684729205587425
4972,0.3511446811739142
4973,0.07110881590979197
4974,0.10474310514847321
4975,0.19287861395377331
4976,0.12977524955987077
4977,0.12383387121933759
4978,0.21509330518773526
4979,-0.008872610558533979
4980,0.06146317667414707
4981,0.09047195913159073
4982,-0.01076835111981358
4983,0.27020385900147104
4984,0.33142133505771
4985,0.13213542797462063
4986,0.08246901994081664
4987,0.2546438111599243
4988,0.024696591052588004
4989,0.41938182078862724
4990,0.14511254944805257
4991,0.022067025296406546
4992,0.06544726954447275
4993,0.21726191486418017
4994,0.03651971998277196
4995,0.0398313137836801
4996,0.08132454629631293
4997,0.44055911333199366
4998,0.1650687842439404
4999,0.1936911190052121
5000,0.1664283071363938
5001,0.2551671388049682
5002,0.11108947928874285
5003,0.024204902219677093
5004,0.019175257356000716
5005,0.009359029591219665
5006,0.45554159777783726
5007,0.04793774998897098
5008,0.07859098001295557
5009,0.010484193747200991
5010,0.04503068942931248
5011,0.04431460950781682
5012,0.08321259084185878
5013,0.48342795180430664
5014,0.04698773389384021
5015,0.08931604603122281
5016,0.07719153962870301
5017,0.44701244095801274
5018,0.038876862257639894
5019,-0.011822063442634534
5020,0.02125930194399746
5021,0.03270227957967591
5022,0.01854589700978012
5023,0.2752158371050057
5024,0.05714116688344125
5025,0.04815546974299303
5026,0.012214966399284816
5027,0.004008042579452592
5028,0.02575790896298335
5029,0.03656250319552068
5030,0.14098942692081126
5031,0.045110050506655855
5032,0.3738734272884774
5033,0.0871172088446925
5034,0.05017164838752143
5035,-0.01221297765483112
5036,0.08441661256078252
5037,0.027542282235433833
5038,0.07182720010784098
5039,0.08578970624211506
5040,0.012128834115808286
5041,0.06393015030469758
5042,0.015126783627290611
5043,0.004752711302123191
5044,0.01126604716110679
5045,-0.00579690148047462
5046,0.2158377381021395
5047,0.18559391320850843
5048,0.022629855433390012
5049,0.053123177376330724
5050,0.0020019175669037936
5051,0.20563434699245517
5052,0.05006846727663057
5053,0.14447346613434842
5054,0.03522596700532531
5055,0.4684007390014059
5056,0.16917096773666687
5057,0.051490263568273645
5058,0.0258670904019778
5059,0.06776762233035892
5060,0.4186923912196897
5061,0.365738393519765
5062,0.37695531537279253
5063,0.08226203821732789
5064,0.414797669657584
5065,0.060899244700955986
5066,0.30613509563320446
5067,0.049379706938434874
5068,0.02898335860935193
5069,0.035918606737736274
5070,0.08733175833395206
5071,0.40505414435406634
5072,0.4436371351038645
5073,0.07223412566872986
5074,0.09611977007515743
5075,0.058358305293816734
5076,0.06682430987214563
5077,0.6199376557194787
5078,0.6172863932606044
5079,0.3020020873723583
5080,0.006466406389756254
5081,0.018111847580588078
5082,0.6561192839284038
5083,0.036615711817295185
5084,0.0698428563016054
5085,0.1136125000984417
5086,0.13515831708257445
5087,0.1633980456165008
5088,0.10154870597520077
5089,0.29593271805367616
5090,0.254379292083094
5091,0.503470263684369
5092,0.03740982257316153
5093,0.051263371666063054
5094,0.221995890056711
5095,0.010606804477059315
5096,0.2644241972596051
5097,-0.0047151691488689865
5098,-0.012379350742653627
5099,0.028443322465997543
5100,0.006749288765814282
5101,0.03686564611005049
5102,0.4723285786195258
5103,0.6126931251922685
5104,0.5784401290026265
5105,0.5948789596960036
5106,0.09443050479283412
5107,0.15960057578611572
5108,0.2640415038082986
5109,0.10354557882963807
5110,0.021196469905581338
5111,0.03138393520413082
5112,0.2855235177837376
5113,0.05371204681146491
5114,0.35010824067563817
5115,0.03353281010753819
5116,0.003960872575060847
5117,0.2899423052068246
5118,0.021025178600455885
5119,0.0812091660584826
5120,0.007995063214701188
5121,0.08866376672160424
5122,0.21611724262459814
5123,0.05641752171536857
5124,0.02353892973321961
5125,0.10414611326723769
5126,0.17157036881520593
5127,0.15204834364536451
5128,0.11446369383803714
5129,0.23656385463705099
5130,0.15012921227354256
5131,0.3374280511478491
5132,0.049208666412958256
5133,0.14694576881198945
5134,0.20279563031701953
5135,0.15405657116666707
5136,0.034115176404541
5137,0.06207068319452926
5138,0.024002801944022645
5139,0.010181842838614006
5140,0.059982069500248536
5141,0.01821854274419052
5142,0.0022748324244332213
5143,0.18373113857264356
5144,0.08175994551124588
5145,0.47811188917546743
5146,0.672092012376434
5147,0.10761295643563491
5148,0.5756469982870562
5149,0.1287936555136314
5150,0.44953565241993065
5151,0.2628061283548243
5152,0.2311706072376983
5153,0.6315325146683093
5154,0.03242395744568908
5155,0.047839789941420297
5156,0.15806285080720514
5157,0.17633652918363302
5158,0.4709823585865349
5159,0.11131510959151905
5160,0.19618659487030196
5161,0.19534639631510212
5162,0.06589570326405383
5163,0.09253319125925824
5164,0.04565115709264189
5165,0.43821464886407757
5166,0.026269007579033277
5167,0.6680732164837975
5168,0.06459997177296621
5169,0.02421737594729742
5170,0.05277380395408686
5171,0.28260101802511145
5172,0.24002498668092723
5173,0.09202007945011142
5174,0.0034808447637195983
5175,0.3310645348264777
5176,0.04298509360434832
5177,0.33582855859260347
5178,0.18828562299546867
5179,0.09530786239918754
5180,0.220382032484887
5181,0.24145417250114878
5182,0.03856007298864284
5183,0.3537821214480847
5184,0.1337765836506786
5185,0.01242550165363878
5186,0.10354071072824893
5187,0.15708589093453987
5188,0.03892440903972751
5189,0.11578838763176141
5190,0.04800287678526797
5191,0.0291182473575993
5192,0.21013587999279032
5193,0.00020709139106759276
5194,0.07367412156948862
5195,0.019711640309161962
5196,0.02553540969838915
5197,0.05552627870702143
5198,-0.0022064438383560922
5199,0.03265047279210188
5200,0.03061734118765126
5201,0.1715751443183164
5202,0.04474480645247996
5203,0.01421046379967792
5204,0.011709183788022375
5205,0.24296187850524806
5206,0.048690990603924164
5207,0.029084420362473842
5208,0.4962467311742199
5209,0.34833545114997383
5210,0.08393650404793504
5211,0.08427853565206343
5212,0.08253715894096193
5213,0.06224966078496387
5214,0.03120464910485679
5215,0.030790655912352916
5216,0.15284663510380067
5217,0.060511685226465384
5218,0.2213916986420783
5219,0.07649966323752441
5220,0.09604029544930967
5221,0.12230394718393905
5222,0.23707306891635382
5223,0.023031517924109204
5224,0.16956416438339603
5225,0.17287069967602053
5226,0.6001188839612503
5227,-0.0004459724919499697
5228,0.10342958770732807
5229,0.05690658804206793
5230,0.19189031700132814
5231,-0.0024420170254817073
5232,0.06065442893181837
5233,0.0413912087048047
5234,0.30595811949372
5235,0.05615092266264679
5236,0.10559505936802707
5237,0.036571878597600596
5238,0.026315689197766244
5239,0.10259312975487662
5240,0.0157462875646698
5241,0.07480010774608074
5242,0.16279892748774144
5243,0.020676154857327524
5244,0.22443259164571056
5245,0.039832009497485846
5246,0.09877089680925241
5247,0.020095368618922367
5248,0.3974907380274725
5249,0.18381715067731177
5250,0.030366378198746852
5251,-0.007510931918762542
5252,0.006034515720122088
5253,-0.031319462660625005
5254,-0.01232787179773535
5255,0.12717739957362845
5256,0.3213612321653842
5257,0.008214329726516121
5258,0.03943225991176679
5259,0.07699930098183175
5260,0.14353593428499462
5261,0.06332747488902143
5262,9.168924496170711e-05
5263,0.030822607114938557
5264,0.09148761127036958
5265,0.12823702657408909
5266,0.02773257844666148
5267,0.3013746323422019
5268,0.6148391307145468
5269,0.015146544649146644
5270,0.05964508038547581
5271,0.13227147301435283
5272,0.18233728602086108
5273,0.18900716877758822
5274,0.0924719616746717
5275,0.0005108024246803568
5276,0.007942781567032675
5277,0.016652569844320904
5278,0.05098615036855192
5279,0.005339684441961751
5280,0.11954292254977625
5281,0.12452547769395175
5282,-0.014495576091257257
5283,0.13308446360962328
5284,0.5753834931481613
5285,0.046289017309289575
5286,0.03758231894189219
5287,0.08561317962017162
5288,0.055629690578643747
5289,0.10997274422593381
5290,0.18048970005837894
5291,0.04539054322021237
5292,0.05148339431176636
5293,0.04877130502095386
5294,0.09582221030236812
5295,0.002295713362815849
5296,0.019384592865415037
5297,0.41926447780901877
5298,0.04041445032874091
5299,0.040435447784662
5300,0.14104209366838286
5301,0.1286642877570594
5302,0.018193615494158946
5303,-0.005468838776726253
5304,0.1856627287755471
5305,-0.016352428794245442
5306,0.16016952964893164
5307,0.01774020223837112
5308,0.10097367298907124
5309,0.11522064049546446
5310,0.014511337982610754
5311,0.02440326504515299
5312,0.02701240395684013
5313,0.16386703370120165
5314,0.005275958975997391
5315,-0.011976348432504356
5316,0.4140103518321295
5317,0.03355533516296509
5318,0.06648493284914436
5319,0.009031582779354775
5320,0.30029617640595846
5321,0.36691072101404265
5322,0.14299288150534814
5323,0.07443008387858102
5324,0.198040405785868
5325,0.3352638447124411
5326,0.016863703615247853
5327,0.017032693133973577
5328,0.04695452351052612
5329,0.1528440600139562
5330,0.07141427750952332
5331,0.05140171921321815
5332,0.3256082010886729
5333,0.42003869870626037
5334,0.09161023550100164
5335,0.08804142846716018
5336,0.11221789509683233
5337,0.22350838596089304
5338,0.14237680226540042
5339,0.10730584476575153
5340,0.0064191895729268445
5341,0.566255233444521
5342,0.03207210995305936
5343,0.027288110806952776
5344,0.1079526370068932
5345,0.0594974052789235
5346,0.09207413159781747
5347,0.25978300744742644
5348,0.07509042653795969
5349,0.03422712384684121
5350,0.10589295850706382
5351,0.022089927462470176
5352,0.012306607481341462
5353,0.3387531522045714
5354,0.005435578677161384
5355,0.14279693166063373
5356,0.02795361948873742
5357,0.4281577960310956
5358,0.07529222495525349
5359,0.062292158086459784
5360,0.0032070509512611236
5361,0.11234413203662934
5362,0.03464190341652809
5363,-0.001911205675742062
5364,0.08064070780586496
5365,0.22239326353164834
5366,0.1438868321101326
5367,0.07499036980734253
5368,0.21512979873157678
5369,0.07117024021198233
5370,0.0860477723595197
5371,0.053633478466990354
5372,0.06051975498628194
5373,0.2144867357285032
5374,-0.014885744949772042
5375,0.07975113439949963
5376,0.018213689879549223
5377,0.025365138609123615
5378,0.026593395556659842
5379,0.15945101762854574
5380,0.057574577401642915
5381,0.012920783490667448
5382,0.009874542189063062
5383,0.0018169821346036951
5384,0.02977105539390057
5385,0.0248073835857346
5386,0.023919087525317118
5387,0.029147257056107573
5388,0.21673416000289195
5389,0.008944042339226726
5390,0.13461057465273735
5391,0.10811867356920715
5392,0.2643054741667545
5393,0.048606181299165
5394,-0.002450499267031692
5395,0.15996108124125225
5396,-0.0048455501671557984
5397,0.13509254033029458
5398,0.03482436796967427
5399,0.49336354331373555
5400,0.19473846949389972
5401,0.01750580518901263
5402,-0.009784889805567031
5403,0.03769710172753608
5404,0.315907551565127
5405,0.09880067718004443
5406,0.13785170124880838
5407,0.16119979638628473
5408,0.18730647621139046
5409,0.09534459505561108
5410,0.5723644745295869
5411,0.013251253866605747
5412,0.45210096840334235
5413,0.07200205774523594
5414,0.0031519327938469123
5415,0.15420994245489528
5416,0.14128930711813115
5417,0.15474589205512118
5418,0.14840470468363862
5419,-0.0012970309720031436
5420,0.11008993827948246
5421,0.00656188215772176
5422,0.05667437430829908
5423,0.45102229086126905
5424,0.8490078844462086
5425,0.059695203320987995
5426,0.230031652761883
5427,0.20064188749384645
5428,0.29617778032990805
5429,0.2600922957051502
5430,0.3022480026334258
5431,0.10936337701086486
5432,0.17675996043904105
5433,0.07206477799587402
5434,0.270955381633581
5435,0.6687607126124537
5436,0.008964727838263749
5437,0.10431755136538784
5438,0.04091210903465906
5439,0.46224775375741
5440,0.2931273987705673
5441,0.10290673257763065
5442,0.11309297321008185
5443,0.018611977412812647
5444,0.6635418247479089
5445,0.6366139607778508
5446,0.5044191883307347
5447,0.04396034316334832
5448,0.18145906317268568
5449,0.05185981665809724
5450,0.44200023234283997
5451,0.05314266541926855
5452,0.04249847553567797
5453,0.2002437203038921
5454,0.3169653865969958
5455,0.03501813153347192
5456,0.12664432509981677
5457,0.1264145679589571
5458,0.00902929645773487
5459,0.08980832891042456
5460,0.036281006418885244
5461,0.07137262037065521
5462,-0.0004449407151807252
5463,0.04724698928838115
5464,0.04007657940826512
5465,0.10272137484038141
5466,0.01297805970266365
5467,0.008322535942989134
5468,0.5466843215337609
5469,-0.0016587707855391437
5470,0.08974929246948284
5471,0.5566389851686858
5472,0.03620942416964296
5473,0.03972778743241434
5474,0.3789726028887769
5475,0.012748130984190214
5476,0.11387432931076383
5477,0.039457514949206636
5478,0.1118503395169501
5479,0.4190173705524939
5480,0.0861129947677369
5481,0.12315166826139004
5482,0.49494421218976586
5483,0.16455052639972234
5484,0.16041169613833078
5485,0.005785147417494474
5486,0.19086831118681996
5487,0.0019749697335500168
5488,0.14080937945818783
5489,0.24549681101448612
5490,0.1336153402480357
5491,0.03393688154503836
5492,0.03018535629279663
5493,0.2144126175364282
5494,0.16969024610662112
5495,0.026408796663398473
5496,0.7071810762042872
5497,0.2710282117582439
5498,0.1513511437231608
5499,0.06352872345078146
5500,0.0038693364461918206
5501,0.3275594506202528
5502,0.14467071144490082
5503,0.0633161539453798
5504,0.03460781087113465
5505,0.26607084415425497
5506,0.01279838211109557
5507,0.006286675637168204
5508,0.7640033466309383
5509,0.2333292019741211
5510,-0.029632426698359204
5511,0.2422849872855528
5512,0.012945442844229526
5513,0.022332018799382024
5514,0.03576018913750413
5515,0.24611789524153785
5516,0.36671285390751934
5517,0.22745839847004717
5518,0.007741269198308143
5519,0.1032382400866838
5520,-0.00486796047138062
5521,0.18927574139407954
5522,0.22867326585473816
5523,0.024455211159191463
5524,0.059633824212833995
5525,0.1293558915079695
5526,0.17585465618735796
5527,-0.014277425513256375
5528,0.40732484730666585
5529,0.019303064520284827
5530,0.05977779218235891
5531,-0.0008096032646130791
5532,0.4965247705588156
5533,0.15380638198358215
5534,-0.0015150153715631
5535,0.02520518748450528
5536,0.023496236230746655
5537,0.02188566461705826
5538,0.27255122391411546
5539,-0.022666829428909508
5540,0.11929384586358101
5541,0.10088592194066012
5542,0.5491256903795527
5543,-0.0033934302618801315
5544,0.07968593366012547
5545,-0.00028402003149956626
5546,0.03450792584926377
5547,0.7878545728724191
5548,0.09088458175093737
5549,0.1750684448350542
5550,0.1059018440528903
5551,0.31790159770826837
5552,0.1440070697974528
5553,0.19879259334288976
5554,0.08818422080767672
5555,0.2261371966755726
5556,0.1987705658218662
5557,0.39021587117710105
5558,0.4183931083557307
5559,0.05542441911307511
5560,0.040434545717632886
5561,-0.0025142845157280435
5562,-0.0052710226465357
5563,0.04609874769690039
5564,0.02336667939555353
5565,0.018960441551195622
5566,0.09639153135623932
5567,0.18180640235316217
5568,0.04489319087837076
5569,0.030642844228354605
5570,0.19799256846100122
5571,0.6745097289870855
5572,0.0825879002860714
5573,0.5550915526752481
5574,0.007378557298282485
5575,0.16531208036773667
5576,0.26497414280348836
5577,0.006327193611471207
5578,0.012970272409981052
5579,0.015277821020702954
5580,0.014285734531746598
5581,0.036580027098338366
5582,0.0435547851196569
5583,0.06799704989262637
5584,0.0955779398450406
5585,0.1481416199537865
5586,0.04293452002298838
5587,0.00042406058175497045
5588,0.16017640645928483
5589,0.0199852914464819
5590,0.012347825378108503
5591,0.10717769775633701
5592,0.11693399674320089
5593,0.02559592332984849
5594,0.25088897130371696
5595,0.2237140207661582
5596,0.019758054915164837
5597,0.18722746185635253
5598,0.26266278704218826
5599,0.4240926448926841
5600,0.10153719655425392
5601,0.11042133829818085
5602,0.029345631700801032
5603,0.13343654026930454
5604,0.17511611337121322
5605,0.1246363457729265
5606,0.1741455554236691
5607,-0.008801937977889135
5608,0.22804561443600369
5609,0.20955647763596896
5610,0.015874792767542674
5611,0.0435969556365106
5612,0.11176423439297731
5613,0.18729816043867642
5614,-0.0027069551399482943
5615,0.038593915184611485
5616,0.10428836830463759
5617,0.04920677086811418
5618,-0.011590465947967704
5619,0.08221913190663459
5620,0.026103574867242286
5621,-0.009029570446913594
5622,0.06139067883855364
5623,0.00257739420244319
5624,0.020447549608824455
5625,0.24862901509457286
5626,0.24582925985305598
5627,0.18016764567182197
5628,0.00955858423840999
5629,0.20838180712264803
5630,0.12291227355728859
5631,0.12940362356311216
5632,0.14134501917925274
5633,0.08815776341039701
5634,0.02460096667139297
5635,0.19296803010157434
5636,0.20384849362567398
5637,-0.0074975975544313124
5638,0.29241053170598164
5639,0.021671206508844132
5640,0.5739792309508076
5641,0.11123621241644378
5642,0.07439892396143391
5643,0.3083584853039203
5644,0.07259382807696088
5645,0.33058197692024605
5646,0.5265974686601317
5647,0.08106452909692041
5648,0.06874655703944274
5649,0.028890190744328224
5650,0.1436448200810441
5651,0.008621095691456554
5652,0.17170068491314916
5653,0.027820548488477304
5654,0.039765150021543086
5655,0.04167683577917522
5656,0.12907305246460524
5657,0.02463228235187922
5658,0.2180262028696312
5659,0.2053203268668234
5660,0.10529549613488227
5661,0.15703615829266884
5662,0.0105168456544826
5663,0.009066948337104459
5664,0.021056754883492925
5665,0.2585149490864197
5666,0.057596688655874854
5667,0.24515667313115258
5668,-0.004804851284137296
5669,0.07904633206699979
5670,0.010228856499921064
5671,0.06081120244304077
5672,0.30752167355728194
5673,0.12268593941712935
5674,0.06068788585477916
5675,0.26813120448344385
5676,0.02055289560079341
5677,0.06199709004734251
5678,0.1307880037191728
5679,0.09539211662194756
5680,0.02284130680844352
5681,0.038284950632464405
5682,0.12073238413766425
5683,0.15636443797553867
5684,0.029227315293089095
5685,0.13622864564995132
5686,0.133504591709938
5687,0.17449943502942514
5688,0.0967562919604012
5689,0.10232272097893218
5690,0.3237405552493456
5691,0.04668875963123767
5692,0.14398224572502963
5693,0.016792250250330487
5694,0.03203919485126281
5695,0.10492298196109225
5696,0.1838119778973519
5697,0.49926385424100406
5698,0.04986763877309899
5699,0.23642696374221034
5700,-0.018731643893742555
5701,0.007597471468046075
5702,0.3618302643218201
5703,0.12175381884689238
5704,0.18103875027670968
5705,0.32325983568324757
5706,0.22329580825520196
5707,0.04316641634799538
5708,0.09139663772572487
5709,0.22963549631356
5710,0.34529433873805737
5711,0.017718362526499686
5712,0.07578526227053499
5713,0.06483964042440647
5714,0.18578537669460254
5715,0.023496316331069883
5716,0.014617399675365843
5717,0.07872069574970791
5718,0.05208769286878026
5719,0.2865447148861005
5720,0.040705833398741585
5721,0.035551537208686826
5722,0.059957304519180146
5723,0.06346201989363652
5724,0.031680855046077594
5725,0.07532642525730264
5726,-0.017412263539850648
5727,0.09658443134969157
5728,0.06841616324117852
5729,0.013742944652926725
5730,0.4976821220506794
5731,0.2887259216295611
5732,0.15147573665562183
5733,0.1843157367570201
5734,0.12242875951857368
5735,0.0010225496782220018
5736,0.14095173420539756
5737,0.17008936181634643
5738,0.013974150053714742
5739,0.04741097385566542
5740,0.16667671661490477
5741,0.24029320162589124
5742,0.3217126414123682
5743,0.07189009936330946
5744,0.17009356229948394
5745,0.06258844495968552
5746,0.17897191993862036
5747,0.19766919756857299
5748,0.04644273335172927
5749,0.07460172801521572
5750,0.036249029726083855
5751,0.2154102099303839
5752,0.0499413481992364
5753,0.05470408254717166
5754,0.021930914788020596
5755,0.10913882540369352
5756,0.021032452655009373
5757,0.20681330780091
5758,-0.027298923432783735
5759,0.08181588483477915
5760,0.018983521404094747
5761,0.030582411937397438
5762,0.010603977448501618
5763,-0.002625095512777931
5764,0.2157751745827311
5765,0.503805088684117
5766,0.02958229601629469
5767,0.23896913340699247
5768,0.02978368314844151
5769,0.009609242288877686
5770,0.11165605392835587
5771,0.5634662089714533
5772,0.16783063717470975
5773,0.46120785038526557
5774,0.11070136705764524
5775,0.030295944031716295
5776,0.48561239281576335
5777,0.02308028059878075
5778,0.10396584815876911
5779,0.35821500558682096
5780,0.008904984190188685
5781,0.028695068930180645
5782,0.39388494748309744
5783,0.046194094048594016
5784,0.5347280270774694
5785,0.15678201083764792
5786,0.673840013637814
5787,0.10192393459320559
5788,0.01202334603787051
5789,0.18353083086003105
5790,0.034884643950632614
5791,0.022289061449135266
5792,0.24063144513849988
5793,0.07498918225803358
5794,0.05158575671358078
5795,0.38341539179224804
5796,0.07000129267442133
5797,0.05844403780301258
5798,0.03576120914665587
5799,0.08791809860163954
5800,0.05619887436467634
5801,0.042057276778144505
5802,0.08947002280203753
5803,0.00862447718058193
5804,0.10410597303741997
5805,0.059105967179589616
5806,0.05494502884281405
5807,0.6037583502477587
5808,0.4658159434992491
5809,0.3183321208332834
5810,0.12920128044624193
5811,0.11010689835364762
5812,0.7080025012247695
5813,0.24718133939938028
5814,0.4119024027421908
5815,0.17770286997293458
5816,0.3138587492669427
5817,-0.009417585012051533
5818,0.4146062824392651
5819,0.22289725592494822
5820,0.21472697792652862
5821,0.2792219653365957
5822,0.20261788308570403
5823,0.018085901180892778
5824,0.061577106490831236
5825,0.3835775051523571
5826,0.10720104203438337
5827,0.0768885447954388
5828,0.0006158440832608467
5829,0.13049537145541243
5830,0.04039529645373208
5831,0.036444054112631484
5832,0.04306101324029241
5833,0.043243015703105854
5834,0.05877010145461288
5835,0.13111813663930846
5836,0.07291474720711132
5837,0.11358558346450548
5838,0.5915410970095352
5839,0.19046071226499375
5840,0.28127065998610484
5841,0.1077478225819536
5842,-0.01226468765543361
5843,0.061881295300961564
5844,0.2306625883075941
5845,0.09670694275205705
5846,0.14092501998339918
5847,0.07458699191572075
5848,0.011151215942094193
5849,0.025262173336997523
5850,0.017012879868924677
5851,0.009363821323781663
5852,0.28679683833130126
5853,0.04340136453446336
5854,0.097438065919651
5855,0.06843634926316412
5856,0.3567299247812722
5857,0.06173710983129242
5858,0.08167236626512514
5859,0.2653698629773641
5860,0.062175715027613446
5861,0.08670319495333978
5862,0.05052402307599478
5863,0.14379695044954677
5864,0.07404750516694178
5865,0.22431020088037149
5866,0.4577791437918966
5867,0.09355737515483592
5868,0.012045979988194185
5869,0.13784307234860432
5870,0.48238313872919925
5871,-0.0036629474519566715
5872,0.09073111912659296
5873,0.11440776474977665
5874,0.10191668102811209
5875,0.014696580750290955
5876,0.03262445239180644
5877,0.008770101677943077
5878,0.05133212042908382
5879,0.10689024691394727
5880,0.09723309514590223
5881,0.31912139881395857
5882,0.08164449552908903
5883,0.2247609475791585
5884,0.005993732047795447
5885,0.05367685544466792
5886,0.04437741239774564
5887,0.3751027044107461
5888,0.0070322758133749995
5889,0.11374491202014979
5890,0.09797399937890713
5891,0.053359646260060775
5892,0.24573949064944794
5893,0.06789904369881311
5894,0.03348230927212171
5895,0.04581808319163609
5896,0.1396261694000297
5897,0.33734149841454214
5898,0.02871337727954944
5899,0.034753752721401125
5900,0.04117777038804313
5901,0.44528682200869335
5902,0.0009568798278131148
5903,0.024906106435221974
5904,0.3260029671692368
5905,0.06414662829968258
5906,0.32070065544152454
5907,0.133610384473929
5908,0.33653085051297005
5909,0.2566206966006451
5910,-0.00780442878810782
5911,0.03484001929681683
5912,0.024906681083112062
5913,0.0553911171852099
5914,0.20230808487669596
5915,0.10149731295358558
5916,0.011626672036600734
5917,0.02594313051987535
5918,0.14907659676924018
5919,0.10583251618756698
5920,0.07831707198007118
5921,0.0335924845693452
5922,0.3361889408622545
5923,0.29105556337093363
5924,0.02531892032966569
5925,0.020395928185986956
5926,0.010210996799055091
5927,-0.013685801350265338
5928,0.22915580973291205
5929,0.030099508236107977
5930,0.022988017250849348
5931,0.22936860672842907
5932,0.10539254326408706
5933,0.018971364762419184
5934,0.10031312104497543
5935,0.20304736079084204
5936,0.23129746464597134
5937,0.30442943442226905
5938,0.4527922952718687
5939,0.1509884790172182
5940,0.1766129731981813
5941,-0.005362170059232584
5942,-0.030009899264933686
5943,0.24647525142421015
5944,0.19728908856701666
5945,0.055396949540661815
5946,0.03465787331193411
5947,0.017723181985181174
5948,0.06845418446614493
5949,0.5606669589808411
5950,0.02230943150777791
5951,0.13357598592628545
5952,0.029777289104395567
5953,0.09454354637873359
5954,0.0005130541838960277
5955,0.41786806555551925
5956,0.340641190674691
5957,0.07533347979405872
5958,0.08819009226600433
5959,0.5288903010903557
5960,0.04641765925071386
5961,0.028176128602001648
5962,0.05329733090961821
5963,0.0002639744044977187
5964,0.016792234229104006
5965,0.19529302623500874
5966,0.043863439874781696
5967,0.09433845034089555
5968,0.31859552026251414
5969,0.016514295439318493
5970,0.024855930334285212
5971,0.11635149314765636
5972,0.3191873817498035
5973,-0.014516022496938891
5974,0.04966974632013962
5975,0.08761502884770309
5976,0.15158294971698952
5977,0.02220058083241349
5978,0.01241266044985238
5979,0.012771929867893727
5980,0.1326018764870669
5981,0.033908464876927474
5982,0.7053697518172188
5983,0.21779172981487377
5984,0.39460778498336035
5985,0.4235367447071693
5986,0.060667456056699126
5987,0.08323144144249404
5988,0.3407403512209071
5989,0.1204901548497942
5990,0.32627696224071906
5991,0.08106103560039316
5992,0.20430904921449508
5993,0.09513796910892358
5994,0.028378023388285274
5995,0.20730270504499074
5996,0.011920496259017992
5997,0.009027635478308265
5998,0.15256199822534042
5999,0.028160113509401712
6000,0.427212723561296
6001,0.06059936449549452
6002,0.21109984050943714
6003,0.09584368413781429
6004,0.12228458184862874
6005,0.07881678070955411
6006,0.5490216465758743
6007,0.028855659235829067
6008,0.24557753344832506
6009,0.09998103554248851
6010,0.0026521064354534554
6011,0.03039482658485723
6012,0.19898231341447192
6013,0.16142374800881445
6014,0.0010971959507369011
6015,0.42584442224157465
6016,-0.02129920936351892
6017,0.050039603290337076
6018,0.051920633021369816
6019,0.09934643141253752
6020,0.027407434383126993
6021,0.03167004483853106
6022,0.03554785107311463
6023,0.0030711976586898335
6024,0.03609231340687476
6025,0.042102265178841546
6026,0.06609431105419307
6027,0.06633432100051939
6028,0.07728593072395824
6029,0.09160602010920751
6030,0.07011876894013712
6031,0.08650240853090047
6032,0.01523591402653618
6033,0.11460578312529905
6034,0.10089167392623025
6035,0.09465176132748288
6036,0.04088745498008807
6037,0.09032887048914964
6038,0.23277461691214046
6039,0.05186353517527649
6040,0.10765958912595087
6041,0.058892011706002605
6042,0.06995401623998586
6043,0.07371956671959007
6044,0.2918389390754247
6045,0.06782389838772394
6046,0.10342871702568965
6047,0.3136783602670784
6048,0.746475317200355
6049,0.4802494929181542
6050,0.05186472628862521
6051,0.13736873861823617
6052,0.5185445916659734
6053,0.030864802679318203
6054,0.03493529809923369
6055,0.008446095315089535
6056,0.27251132323091454
6057,0.07281812303743776
6058,0.16264039812401887
6059,0.015800198291200364
6060,0.06599365646855734
6061,0.491145831513287
6062,0.6785320804117265
6063,0.061363295794407004
6064,0.006263600883950373
6065,0.13528407666223508
6066,0.04544162209137825
6067,0.4772991190634789
6068,0.010408527933761132
6069,0.02784310017755003
6070,0.32440713040309643
6071,0.04873748456796615
6072,0.17713184620316882
6073,0.02032957283486549
6074,0.021633965532331427
6075,0.04633659819988439
6076,0.03019009719275233
6077,0.10088304889899204
6078,0.17118923225319407
6079,0.2603330823791455
6080,0.1831306550340966
6081,0.07353810890114795
6082,0.059204221237377265
6083,0.09435586364620044
6084,0.20230182063772914
6085,-0.00881214653773355
6086,0.338813027851367
6087,0.12526830243029324
6088,0.16506121502082732
6089,0.09245994049956413
6090,0.1682225986810819
6091,0.23005869856399636
6092,0.15960483374099793
6093,0.275296521076247
6094,0.11948280199775277
6095,0.06379109255880709
6096,0.07811110318709177
6097,0.031095672955725073
6098,0.09253708483830696
6099,0.026238540678018535
6100,0.06967383338835129
6101,0.08620347130603773
6102,0.06796064612398746
6103,0.023232424548326212
6104,0.06034417611969638
6105,0.3515808321910615
6106,0.4066883407209208
6107,0.17173167862085248
6108,0.11146413770387315
6109,0.0574443441079501
6110,0.054156216226918706
6111,0.06738387258364545
6112,0.02386301728255037
6113,0.028425550409661684
6114,0.08339721001115115
6115,0.09478981681482271
6116,0.07828766576261612
6117,0.10144159210524212
6118,0.059994963751920906
6119,0.02371518026596891
6120,0.006765857381166314
6121,0.10073952763329556
6122,0.10329936494364055
6123,0.08839981941765289
6124,0.05358443150444599
6125,0.545389094307105
6126,0.2964262708423179
6127,0.0868196938154189
6128,0.21146102852493195
6129,0.11418951507041294
6130,0.47832252012879617
6131,0.23804108467237273
6132,0.19193945503049348
6133,0.05528366109573384
6134,0.05372676073174117
6135,0.05651525284619607
6136,0.20092287687033594
6137,0.09340085406841821
6138,0.1708059373659122
6139,0.1684114913598106
6140,0.24530851181354218
6141,0.3102332377428422
6142,0.2261722355291219
6143,0.2331927044317824
6144,0.12764836021640463
6145,0.18147052078899334
6146,0.016247042002767085
6147,-0.004407413433465501
6148,-0.003809017681869434
6149,0.5243931181461378
6150,0.15915191629688294
6151,0.1193181995124852
6152,0.10224086980035577
6153,0.07748591175152247
6154,0.15410655706354243
6155,0.08098640676145538
6156,0.08679237802244394
6157,0.0801099912168722
6158,0.25467392641092257
6159,0.18571972114618396
6160,0.2088182808109295
6161,0.18133226940989794
6162,0.19743560278023212
6163,0.0022040722495773107
6164,0.12188500641823376
6165,0.027282684848431712
6166,0.2080756213516954
6167,0.20089339807001377
6168,0.07819495481521288
6169,-0.012890607750536152
6170,0.13583463974086607
6171,0.19473786052790665
6172,0.21161333331269083
6173,0.03856594101167438
6174,0.036346742405346535
6175,0.050893847122362945
6176,0.04094651697944765
6177,0.042203990484982044
6178,0.0072105732191980795
6179,0.0022521492032609733
6180,0.0149072603386784
6181,0.3787627503982529
6182,-0.006653344208870093
6183,0.021039216282227005
6184,0.019427656216454446
6185,0.03308664212309465
6186,0.029500533057883017
6187,0.07995232375671633
6188,0.011661033484468078
6189,0.04920537012172333
6190,0.17018530240880098
6191,0.032548276951480826
6192,0.019856047775596915
6193,0.1472755452721921
6194,0.11384955952635224
6195,0.10789223766078722
6196,0.03290493570218971
6197,-0.003385610502578301
6198,0.01987250138459206
6199,0.2872180911181888
6200,0.05088645506681298
6201,0.11453699588845867
6202,0.18594702077800201
6203,0.16225592396042615
6204,0.06836435392511751
6205,0.1950386835513279
6206,0.3750376033017959
6207,0.23205901949456972
6208,-0.010518123492056528
6209,0.28839642761807427
6210,0.07842879386179782
6211,-0.003693836758835323
6212,-0.034832396235737376
6213,0.09432891374966829
6214,0.13892072844452483
6215,0.32819047538952784
6216,-0.01244988463265975
6217,0.007164986158274065
6218,0.4528965709293242
6219,0.046163145742797396
6220,0.26094046097787515
6221,0.22512278934903368
6222,0.026048648188859123
6223,-0.03284714755936549
6224,-0.00446036366222342
6225,0.14108261450223517
6226,0.025083809919381504
6227,0.11360391708102523
6228,0.22861358921143016
6229,0.09168758698424519
6230,0.07155346941956418
6231,0.11759294320499664
6232,0.209633818448619
6233,0.03533754751329257
6234,0.07954240104072462
6235,0.05454774219631443
6236,-0.010038428596432003
6237,0.04202746724489047
6238,0.178273525955732
6239,0.17787968457493317
6240,0.018592000747493426
6241,0.078526003394876
6242,0.028745490250670074
6243,0.01205371213983869
6244,0.19687820990930552
6245,0.03414127382462068
6246,0.21948410901474388
6247,0.08809715811125873
6248,0.14976531838408802
6249,0.09841011830533875
6250,0.32296738606411124
6251,0.0956181826927317
6252,0.03828919013574354
6253,0.020654592012376183
6254,0.06936468602407014
6255,0.13123697431279435
6256,0.2603623430154491
6257,0.10497196470247311
6258,0.049040966381712764
6259,0.09090492817361145
6260,-0.002589568821947518
6261,0.17435362417566205
6262,0.026961846070981576
6263,0.23262838151847742
6264,0.017405185631538977
6265,-0.015418772186180213
6266,0.230496719904612
6267,0.0018697566712572054
6268,0.10135002405788086
6269,0.2601054972904631
6270,0.08991132546689573
6271,0.11914731046463252
6272,0.08086459871946752
6273,0.126153491265506
6274,0.08759502480995647
6275,0.11257579139547269
6276,0.015562730004238967
6277,-0.0015097913327796033
6278,0.10527043561244402
6279,0.09386130765177665
6280,0.015949004750574633
6281,0.09452514268287909
6282,-0.004539356251030141
6283,0.0533310361582527
6284,0.08754617136945925
6285,0.11768393902530408
6286,0.0858858674258485
6287,0.02492645305631925
6288,0.002333553895238216
6289,0.23258106048191746
6290,0.3604238714735234
6291,0.2443772386419223
6292,0.04515733806218975
6293,0.1346256551853089
6294,0.0227271164139229
6295,0.012639424072589913
6296,0.5321719988549616
6297,0.30413424327617633
6298,0.07072204108577375
6299,0.27775863113544125
6300,0.10818529410269317
6301,0.17628603446456242
6302,0.15242285560578384
6303,0.11890273727649447
6304,0.22134071661563687
6305,0.018384153889283484
6306,0.07879773119188194
6307,0.13941560741035733
6308,0.5365912772892819
6309,0.5661421147410118
6310,0.5476414377242311
6311,0.47896937068427636
6312,0.053199729107400284
6313,0.05910005370860742
6314,0.0231355255257253
6315,-0.010954925458429838
6316,0.14249650014952683
6317,0.03755028331051735
6318,0.22732942873666806
6319,0.17120777370658458
6320,0.18142700386151292
6321,0.32042292950214435
6322,0.0596815976609296
6323,0.1460844336691127
6324,0.20375908605389315
6325,0.18523240438725935
6326,0.013761876804597305
6327,0.07250121893039241
6328,0.0411089259577191
6329,0.045748365058294896
6330,0.0671818602526908
6331,0.1428467249911903
6332,0.15665469227933945
6333,0.020517418446496072
6334,0.16546979889994182
6335,0.36299625810797836
6336,0.0110026308663733
6337,0.06098133418058471
6338,0.05196217430258554
6339,0.003716360087523827
6340,-0.004581366574184326
6341,0.03872221720620151
6342,0.18650864950017731
6343,0.006960933746034839
6344,0.04272102205970488
6345,0.11190477762682471
6346,0.13238957770482473
6347,0.04702392204279044
6348,0.09450422446971576
6349,0.0996937992082344
6350,0.25017572387608916
6351,0.0844983116379108
6352,0.10533218059742558
6353,0.451882271803301
6354,-0.0038458070053499884
6355,0.08281501092947108
6356,0.06728121663456695
6357,-0.014975584389525076
6358,-0.00864669809818473
6359,0.1376983531105569
6360,0.41293037676652866
6361,0.0954978193911987
6362,0.5597194695524131
6363,0.25622284062395906
6364,0.000791068519441518
6365,0.07310793292345782
6366,0.10853845449824952
6367,0.00844112921996129
6368,-0.0020531472587514477
6369,0.1455710989317516
6370,0.07669914964069684
6371,0.08353114597354219
6372,0.25061712644668305
6373,0.03160072311998332
6374,0.036753708981551676
6375,0.039534969399327415
6376,0.09474903981388769
6377,0.3079990010760776
6378,0.12846824970003365
6379,0.141173229832419
6380,0.13952296366306594
6381,0.03350499229046313
6382,0.0074027360144735405
6383,0.05344636851330992
6384,-0.0276583367359152
6385,0.04506739147107733
6386,0.00341284062217384
6387,0.21192226799963126
6388,0.2315041100355648
6389,-0.01143871542684836
6390,0.0947901363951432
6391,0.08043456749513825
6392,0.03768570609429435
6393,0.034653642170926834
6394,0.0679364858280982
6395,0.1115563491086486
6396,0.09570449468516844
6397,0.06838873602257699
6398,0.05869391068491256
6399,0.08549185861817371
6400,0.10989380841296778
6401,0.07421496003295447
6402,0.06089251011668134
6403,0.06306351007230927
6404,0.07774240749707714
6405,0.12993154714033087
6406,0.10738058290290724
6407,0.06035773375414621
6408,0.03068390563701197
6409,0.06477721144699804
6410,0.04774568131049171
6411,0.1668119721537013
6412,0.057478234099846065
6413,0.06509628002693275
6414,0.18777847606794423
6415,0.04687306586288123
6416,0.04277474709263349
6417,0.0215956299952754
6418,0.14206033661606451
6419,0.16895368383542167
6420,0.16687633804779164
6421,0.01768562043089377
6422,0.03658348803898826
6423,0.34610466426711617
6424,0.025822804821655894
6425,0.18515938451428382
6426,0.0387372828393832
6427,0.6717854949193898
6428,0.1951340422744359
6429,0.11874803934980056
6430,0.0916170823599719
6431,0.10293719673438956
6432,0.07434551360430817
6433,0.6845639508540842
6434,0.09607828839330904
6435,0.07012196971740053
6436,0.2877247152126871
6437,0.44749573815006444
6438,0.2516843614192
6439,0.08487047440673802
6440,0.22082586993086262
6441,0.043140835878525866
6442,0.33162181626936904
6443,0.020831602292584236
6444,0.13410454045531264
6445,0.47486064775411974
6446,0.4694696573945941
6447,0.03631985430221509
6448,0.5217924493209121
6449,0.12613766485141714
6450,0.057243030667669906
6451,0.39969188263155553
6452,0.1487812805503203
6453,0.09667841886618561
6454,0.4704051916024383
6455,0.2664024082586548
6456,0.6230931582979432
6457,0.3897325692577419
6458,0.24915676847571683
6459,0.19226104093448276
6460,0.1785628697119247
6461,0.09911002258229684
6462,0.19570493451164594
6463,0.06184220568060708
6464,0.1364807335692926
6465,0.10920357017975207
6466,0.3583251364987079
6467,0.12102294521541876
6468,0.07574606318290386
6469,0.02714539152386112
6470,0.14124444359154473
6471,0.0163595221702885
6472,0.23489368826281187
6473,0.6718875995515017
6474,0.017465574897471494
6475,0.3107133558061721
6476,0.21603264325727772
6477,0.02154067466813718
6478,0.2637363844212235
6479,0.2414034290154367
6480,-0.012663700651746025
6481,0.24012279315818424
6482,0.3000381372643678
6483,0.016683499057438995
6484,0.14763880375940733
6485,0.023477413572391484
6486,0.046044066632331154
6487,0.030862543094637894
6488,0.2260321734590816
6489,0.04956428047530845
6490,0.04810335874988678
6491,0.04640203055656882
6492,0.04574185316721783
6493,0.040674224435644925
6494,0.30896660700563516
6495,0.06631439891998749
6496,0.11428596890342486
6497,0.07793763900722009
6498,0.07821191442036625
6499,0.06654936445737655
6500,0.08104522426121048
6501,0.06074782492908273
6502,0.08880169548320921
6503,0.15321511767437518
6504,0.2071353553640888
6505,0.13700874986117098
6506,0.04793056170709267
6507,0.6416644302851965
6508,0.04083313710410891
6509,0.07118086458112748
6510,0.05351013620229279
6511,0.06227240154133456
6512,0.3590792612201751
6513,0.22327186929928705
6514,-0.01618686928772601
6515,0.12310279197481613
6516,0.09277220559483992
6517,0.021722705869127504
6518,0.05277573452315855
6519,0.1882298165401483
6520,0.012706577527011514
6521,-0.006168562891053071
6522,0.3370013892161704
6523,0.09221708848981572
6524,0.07359131210843733
6525,0.00019131443519122024
6526,0.04305695316184735
6527,0.024076583497815777
6528,0.07674970480818112
6529,0.03363826995385468
6530,0.03397531172481672
6531,0.02164048359533849
6532,0.035512384155886145
6533,0.1699055815718401
6534,0.058285080774504866
6535,0.051765303508938085
6536,0.06107917308459401
6537,0.035525431772646554
6538,0.07020571480836191
6539,0.030193105613184404
6540,0.17396992043983325
6541,0.08613335966344976
6542,0.08583242439495747
6543,0.02854699408867879
6544,0.16800463989269945
6545,0.018250120667837967
6546,0.07133078073761305
6547,-0.012338408142347023
6548,0.1281269754418237
6549,0.005591449764128447
6550,0.06545948283895765
6551,0.12580085764458515
6552,0.04765878011581425
6553,0.20770563264110492
6554,0.005729345578321196
6555,0.05020384163349965
6556,0.2429734775908355
6557,0.08576616483390206
6558,0.061490203692838474
6559,0.06403017909496414
6560,0.08978609600734087
6561,0.2545889036136993
6562,0.07061683896281501
6563,0.026207545351449833
6564,0.7169114500049205
6565,0.18336817447762185
6566,0.23299057481213153
6567,0.04394006051672859
6568,0.03999693670934231
6569,0.053502981107612736
6570,0.055018054873135006
6571,0.08512676892975897
6572,0.009995596719748489
6573,0.15765971845321147
6574,0.00329071807391628
6575,0.09447711540957736
6576,0.02134862450894649
6577,0.017172158144090028
6578,0.052045063158072
6579,0.053517283125389906
6580,0.27830952310206813
6581,0.28033800271424075
6582,0.042762482462370924
6583,0.04064517711087239
6584,0.3473898671381159
6585,0.19141798089547946
6586,0.23068479778109371
6587,0.07454356473423329
6588,0.27279439466051614
6589,0.2546416581470831
6590,0.053644878313577136
6591,0.23891223087178393
6592,0.14912763310428157
6593,0.05129741035921501
6594,0.0503060953857514
6595,0.034675902194756504
6596,0.08874723710449628
6597,0.0700157048819388
6598,0.007040131667626761
6599,0.18999352030867706
6600,0.2380248450158317
6601,0.10662123514579896
6602,0.03689548805014882
6603,-0.0002943459510501877
6604,0.08101349330117422
6605,0.00037281300208962865
6606,-0.018651156584907336
6607,0.44376283278419854
6608,0.49879844179579624
6609,0.38300285772879783
6610,0.5655499820519487
6611,0.14913112901936737
6612,0.053720136343041035
6613,0.14810314835136687
6614,0.10669729132735796
6615,0.576905354208151
6616,0.5754840925713618
6617,0.10424239880931445
6618,0.03792821715837534
6619,0.10233453308897736
6620,0.06942353945826209
6621,0.07068118062790177
6622,0.05866721602480027
6623,0.07879432829967598
6624,0.05727932588754726
6625,0.05928868134917076
6626,0.04261218669174205
6627,0.07977161498010706
6628,0.16835464102577524
6629,0.09027291149200996
6630,0.15946903483860445
6631,0.36925090223580326
6632,0.05176615623496692
6633,0.3547533710680544
6634,0.029794392376522046
6635,0.033403118128347044
6636,0.16720963287693072
6637,0.1922544444891924
6638,0.031309537273472694
6639,0.07167848909537805
6640,0.05522010044657122
6641,0.011686906346694389
6642,0.024578883480174896
6643,0.12207948536745569
6644,0.02148962302009704
6645,0.007214010437619314
6646,-0.022334438461916545
6647,0.0544779463957278
6648,0.03687332838064526
6649,0.20906899617095018
6650,0.255505918842628
6651,0.11457041984518443
6652,0.17897317863343115
6653,0.15508276394616308
6654,0.07102236664400591
6655,0.23394735051292906
6656,0.03826763352293299
6657,0.06568398709755009
6658,0.0811884217772462
6659,0.04680880547617934
6660,0.0919969732729593
6661,0.06316371880449285
6662,0.09124086261028634
6663,0.02692084593367281
6664,0.09529812688845406
6665,0.02557169896060374
6666,0.06842795632691742
6667,0.048427720763808725
6668,0.07057432395168103
6669,0.018002135994821217
6670,0.04184055752851451
6671,0.11204510013278049
6672,0.005345218717785526
6673,0.06423270588096489
6674,0.4113666770640573
6675,0.313596850945488
6676,0.023240650394900086
6677,0.5322223067490479
6678,0.054624123189666904
6679,0.15849349784095146
6680,0.23111469623613012
6681,0.0021553501139329858
6682,0.046012132110016805
6683,0.38513358829292454
6684,0.026933584399553442
6685,0.02677771283873938
6686,0.022007478019295958
6687,0.05845593606577758
6688,0.24847458548510115
6689,0.003690024215569976
6690,0.04194558580926619
6691,0.05429920836997948
6692,0.02733561818637125
6693,0.37146731874889094
6694,0.3800087670316169
6695,0.14597035503461686
6696,0.7552232251693365
6697,0.24611468493729288
6698,0.05757917039029194
6699,0.4007774964007917
6700,0.059416457380618085
6701,0.046666391834611125
6702,0.06352136568102247
6703,0.08157965438203384
6704,0.13865796241990327
6705,0.09342561532453034
6706,0.056069219951030924
6707,0.08742505869383671
6708,0.04078606917340441
6709,0.10313106872849195
6710,0.056798916313923566
6711,0.12266374188316304
6712,0.06710121369047892
6713,0.08895774365184977
6714,0.046756116868837835
6715,0.03982331882279871
6716,0.24818784911297975
6717,0.0719187244821699
6718,0.21075099790521407
6719,0.19977730176989322
6720,0.09801830719927485
6721,0.45367407418548805
6722,0.3744955368760541
6723,0.46759831213935765
6724,0.17722066489179877
6725,-0.0015102475375432635
6726,0.10357424766370998
6727,0.06315478397133456
6728,0.13939215845219932
6729,0.16365506014511438
6730,0.028055865978159136
6731,0.17911857484386723
6732,0.1049175718515368
6733,0.0011558392437336917
6734,0.14385558965196382
6735,-0.002322446224123082
6736,0.21056028766973445
6737,0.2359463124614577
6738,0.4403695417634165
6739,0.4164503463930137
6740,0.018040300330828304
6741,0.3040112246206779
6742,0.03378418853364079
6743,0.40794745350642153
6744,0.06806305759051348
6745,0.09554649422243924
6746,0.06577194067999467
6747,0.306545003487693
6748,0.09443217792064959
6749,0.11091965727967866
6750,0.44446653469942154
6751,0.10025184280584758
6752,0.7483814864921622
6753,0.15360841829970073
6754,0.0828255107408438
6755,0.5180520358015079
6756,0.033544909886484384
6757,0.19629242103439054
6758,0.06828766796872816
6759,0.1579667018084855
6760,0.25682748873914396
6761,0.278711978165014
6762,0.043349059626964136
6763,0.2293038256548427
6764,0.4479213782446036
6765,0.03757258636161179
6766,0.1969859042492134
6767,0.20317992144846508
6768,0.38016748739801726
6769,0.02195231163556625
6770,0.0586238645031948
6771,-0.0014417666073077095
6772,0.15234015754421146
6773,0.04993822467335746
6774,0.04580999859492163
6775,0.43118827055678943
6776,0.09147436071655592
6777,0.2272924818315858
6778,0.04053816310775521
6779,0.173095442526384
6780,0.13485203358098785
6781,-0.0013994631236099394
6782,0.2941352602834462
6783,0.20127615468567872
6784,0.1984596394285359
6785,0.1718130601051905
6786,0.23835305906906373
6787,0.06666508889600292
6788,0.13125636072386068
6789,0.014677769069153638
6790,0.06410839977989655
6791,0.060735852301381246
6792,0.06034498515918785
6793,0.01571684217888265
6794,0.0586728969983257
6795,0.25332795582540224
6796,0.16823426246936135
6797,0.18897215609643966
6798,0.0385134930291933
6799,0.27589058416642875
6800,0.17504351323970682
6801,-0.014498333819993653
6802,0.043206413767148295
6803,-0.018701180679212795
6804,0.02261594148128204
6805,0.05405287152195873
6806,0.20800506735086183
6807,0.08589730188241738
6808,0.24730883283036154
6809,0.29196755319620155
6810,0.11540297126767703
6811,0.16479148625178963
6812,0.008615342885188894
6813,0.0481378081351529
6814,0.26806779824945326
6815,0.06373744534068755
6816,0.0488685164147741
6817,0.10553383007485623
6818,-0.009019528163591473
6819,-0.003919975797539849
6820,0.19696281558940237
6821,0.016877730084351207
6822,0.025500181485187963
6823,0.06179222497971435
6824,0.010050521573489313
6825,0.03925151919666149
6826,0.18096725222293758
6827,0.08089614116247815
6828,0.3806695249686197
6829,0.0840830710264811
6830,0.046429526844517684
6831,0.07656419202949093
6832,0.06992786837168136
6833,0.2678491007304437
6834,0.09308831601832221
6835,0.09465455777993506
6836,0.07590710025151924
6837,0.06602200920586926
6838,0.28324481384213535
6839,0.11446695691883038
6840,0.46612496352221877
6841,0.019536066439440426
6842,0.11214765894076212
6843,0.18636355699162277
6844,0.04907318287600428
6845,0.08633609478346377
6846,0.09050594980931928
6847,0.055520860477453554
6848,0.08594531604616812
6849,0.01687259267529051
6850,0.34995057234892746
6851,0.019818347736743794
6852,0.15123455583785933
6853,0.2792527692395978
6854,0.15676819347249227
6855,0.055651078041757576
6856,0.03790649842878245
6857,-0.013542137281884893
6858,0.020152744824885722
6859,0.021469848118633932
6860,0.21699981351943837
6861,-0.010677330207773944
6862,0.49434657390957076
6863,0.26955582031372705
6864,0.007055407393850759
6865,0.0221461998025242
6866,0.04361082700067936
6867,0.21492306591531396
6868,0.18438615434731287
6869,0.2853287411483556
6870,0.30546129663887167
6871,0.011219624974068436
6872,-0.016879733192570794
6873,0.007712568075597457
6874,0.018993480653433915
6875,0.07846800847724714
6876,0.05291046549816965
6877,0.08017461435073724
6878,0.13619123410976783
6879,0.10423087323375721
6880,0.006437952845978389
6881,0.10874024511266306
6882,0.028645020325700397
6883,0.021709970014828956
6884,-0.010777645717146272
6885,0.06125793741803941
6886,0.0770529405417983
6887,0.0329461409799322
6888,0.3271102838035569
6889,0.17534541075612087
6890,0.13071982486076145
6891,0.022514075529362722
6892,0.048824235720211204
6893,0.1493116703404589
6894,0.18384994743651054
6895,0.19396425808694062
6896,0.05309586082820734
6897,0.1089199332618959
6898,0.08359830947606532
6899,0.06285081375196502
6900,0.09846921158192311
6901,0.0430184720423262
6902,0.007623329778319065
6903,0.020356873617250665
6904,0.2288489243389565
6905,0.03928184399434148
6906,0.13801563473258166
6907,0.22190819679307977
6908,0.03281802788874973
6909,0.03177443432692521
6910,0.06812087093454973
6911,0.0909805555404884
6912,0.05553597956866511
6913,0.2020841768140733
6914,0.022103334039650677
6915,0.0440430978628502
6916,0.009640455425121399
6917,0.1680268989256417
6918,0.00919263972794466
6919,0.060185808250159976
6920,0.05413569814662267
6921,0.2052641121286351
6922,0.03494579273037458
6923,0.12092791134176077
6924,0.04869728371261585
6925,0.033993709735081215
6926,0.2030875908614194
6927,0.06361371988252407
6928,0.014988756682798757
6929,0.056814592774958386
6930,0.17333907128392473
6931,0.02600743790874256
6932,0.09517370949372606
6933,0.555869581656361
6934,0.06594002753789552
6935,0.06242856785743914
6936,0.6296121420048061
6937,0.21846231667891758
6938,0.039714564812434676
6939,0.5148230315752957
6940,0.05617285243147924
6941,0.060380576291984706
6942,0.032858106691610385
6943,0.659485613971561
6944,0.03896294784904267
6945,0.04087474634581267
6946,0.17011034408881798
6947,0.011308035015367077
6948,0.22929615233901451
6949,0.023668760833163376
6950,0.052773645158801064
6951,0.18742456317911965
6952,0.1919262859535339
6953,0.38690634736286933
6954,0.06357727926129357
6955,0.013221807452132379
6956,0.13375416060769188
6957,0.06466931576690566
6958,0.19917137753904693
6959,0.019332622741098003
6960,-0.009561013282300312
6961,0.5357772204782351
6962,0.5753281556125622
6963,0.03434560973433406
6964,0.027939574721950453
6965,0.0912613388145608
6966,0.10088249499853366
6967,0.0629898544754634
6968,0.03766873756629112
6969,0.025172626892768474
6970,0.09437953986190975
6971,0.16012050816464135
6972,0.04490386730660719
6973,0.19671459519882029
6974,6.336987335569546e-05
6975,0.6270556815864488
6976,0.28149783575878157
6977,-0.01219656632484641
